{"cameraMode":{"drawMode":0,"name":"Shaded","section":"Shading Mode"},"sceneLighting":true,"audioPlay":false,"sceneViewState":{"m_AlwaysRefresh":false,"showFog":true,"showSkybox":false,"showFlares":true,"showImageEffects":true,"showParticleSystems":true,"showVisualEffectGraphs":true,"m_FxEnabled":true},"in2DMode":false,"pivot":{"x":0.005605518817901611,"y":13.436983108520508,"z":37.36916732788086},"rotation":{"x":-0.08355279266834259,"y":0.7123734354972839,"z":-0.08575204759836197,"w":-0.6916595101356506},"size":0.5073199272155762,"orthographic":false}