{"cameraMode":{"drawMode":0,"name":"Shaded","section":"Shading Mode"},"sceneLighting":false,"audioPlay":false,"sceneViewState":{"m_AlwaysRefresh":false,"showFog":true,"showSkybox":false,"showFlares":true,"showImageEffects":true,"showParticleSystems":true,"showVisualEffectGraphs":true,"m_FxEnabled":true},"in2DMode":false,"pivot":{"x":18.299571990966798,"y":11.52420425415039,"z":0.3236198425292969},"rotation":{"x":0.043159522116184238,"y":0.11808139830827713,"z":-0.0053657786920666698,"w":0.9921537637710571},"size":1.505639910697937,"orthographic":false}