{"cameraMode":{"drawMode":0,"name":"Shaded","section":"Shading Mode"},"sceneLighting":true,"audioPlay":false,"sceneViewState":{"m_AlwaysRefresh":false,"showFog":true,"showSkybox":false,"showFlares":true,"showImageEffects":true,"showParticleSystems":true,"showVisualEffectGraphs":true,"m_FxEnabled":true},"in2DMode":false,"pivot":{"x":2.2264692783355715,"y":13.863789558410645,"z":38.48422622680664},"rotation":{"x":-0.06073892489075661,"y":0.8273487091064453,"z":-0.09086340665817261,"w":-0.5511435270309448},"size":0.1186952143907547,"orthographic":false}